{"schemaVersion":"1.0","appDefinitionTemplate":{"id":"/providers/Microsoft.PowerApps/apps/","type":"Microsoft.PowerApps/apps","tags":{"primaryDeviceWidth":"640","primaryDeviceHeight":"1136","sienaVersion":"20210430T103508Z-3.21042.21.0","deviceCapabilities":"","supportsPortrait":"true","supportsLandscape":"false","primaryFormFactor":"Phone","publisherVersion":"3.21042.21","minimumRequiredApiVersion":"2.2.0","hasComponent":"false","hasUnlockedComponent":"false","isUnifiedRootApp":"false"},"properties":{"appVersion":"2021-04-30T10:35:08Z","lifeCycleId":"Published","createdByClientVersion":{"major":3,"minor":21042,"build":21,"revision":0,"majorRevision":0,"minorRevision":0},"minClientVersion":{"major":3,"minor":21042,"build":21,"revision":0,"majorRevision":0,"minorRevision":0},"backgroundColor":"rgba(0, 176, 240, 1)","backgroundImageUri":"/7804331867222947920/Ne8200fba-ed1c-4421-b006-c271d884e4bd-logoSmallFile","displayName":"Morning Coffee 1","description":"","commitMessage":"","appUris":{"documentUri":{"value":"/7804331867222947920/N1e84fe10-3f3d-4e25-8070-d2aca0cd8f4e-document.msapp"},"imageUris":[]},"createdTime":"0001-01-01T00:00:00Z","lastModifiedTime":"0001-01-01T00:00:00Z","sharedGroupsCount":0,"sharedUsersCount":0,"icons":{"smallIconUri":"/7804331867222947920/Neac83590-0788-4e50-b5b6-1b2cba1f1692-small.png","mediumIconUri":"/7804331867222947920/Ne66cdb3d-98d6-45a6-8a07-37d805744392-medium.png","largeIconUri":"/7804331867222947920/N8c5eb870-0aef-4ec3-b27f-a3fd2c0af624-large.png","wideIconUri":"/7804331867222947920/Na602ea6e-c220-4460-865f-4dbfa70b9a39-wide.png"},"connectionReferences":{"e6bc2034-9ea7-4f97-9835-1bf95eb26a8e":{"id":"faca0be5-a45d-462b-91f6-105e9ec80268","displayName":"Excel","iconUri":"https://connectoricons-prod.azureedge.net/releases/v1.0.1463/1.0.1463.2403/excel/icon.png","dataSources":["Tabla1"],"dependencies":["8b177c10-e97a-4f4d-87a0-fd1fb74610cd"],"dependents":[],"parameterHints":{"8b177c10-e97a-4f4d-87a0-fd1fb74610cd":{"value":"fileSource"}},"isOnPremiseConnection":false,"bypassConsent":false,"dataSets":{"b!Uisx4ATzvEOl-1DYjYW5XCiJQvfMhdNKrbbJtE--uV9bGrt6TqDoRKGv2YiPYbcq.01DRVBUW7LSK5XEDIQIFCLBJTMR2FBEIFB":{"dataSources":{"Tabla1":{"tableName":"Tabla1"}}}},"apiTier":"Standard","isCustomApiConnection":false},"8b177c10-e97a-4f4d-87a0-fd1fb74610cd":{"id":"5d08bbe8-7477-4446-b89b-dc0e2d4e9391","displayName":"OneDrive para la Empresa","iconUri":"https://connectoricons-prod.azureedge.net/releases/v1.0.1464/1.0.1464.2404/onedriveforbusiness/icon.png","dataSources":[],"dependencies":[],"dependents":["e6bc2034-9ea7-4f97-9835-1bf95eb26a8e"],"parameterHints":{},"isOnPremiseConnection":false,"bypassConsent":false,"dataSets":{},"apiTier":"Standard","isCustomApiConnection":false},"bc427ddb-0c61-459a-9c7c-e65b98ea5efb":{"id":"c10be326-8ff6-4f5d-ae84-00c10d13697b","displayName":"Microsoft Teams","iconUri":"https://connectoricons-prod.azureedge.net/releases/v1.0.1459/1.0.1459.2387/teams/icon.png","dataSources":["MicrosoftTeams"],"dependencies":[],"dependents":[],"parameterHints":{},"isOnPremiseConnection":false,"bypassConsent":false,"dataSets":{},"apiTier":"Standard","isCustomApiConnection":false},"4786570b-4468-4d98-96d4-4ba44617ecdc":{"id":"a4fb0f61-886a-4d10-9d6d-feb3e87477fa","displayName":"SharePoint","iconUri":"https://connectoricons-prod.azureedge.net/releases/v1.0.1465/1.0.1465.2409/sharepointonline/icon.png","dataSources":["UserLogin"],"dependencies":[],"dependents":[],"parameterHints":{},"isOnPremiseConnection":false,"bypassConsent":false,"dataSets":{"https://cesurformacion0.sharepoint.com/sites/MorningCoffee":{"dataSources":{"UserLogin":{"tableName":"8ce0406a-8e33-4597-9b5f-6272dd66711e"}}}},"apiTier":"Standard","isCustomApiConnection":false}},"databaseReferences":{},"almMode":"Environment","performanceOptimizationEnabled":true,"canConsumeAppPass":true,"executionRestrictions":{"isTeamsOnly":false,"dataLossPreventionEvaluationResult":{"status":"Compliant","lastEvaluationDate":"2021-04-28T08:36:27.6693751Z","violationDetails":[]}}},"isAppComponentLibrary":false,"appType":"ClassicCanvasApp","appComponents":[]}}