{"schemaVersion":"1.0","appDefinitionTemplate":{"id":"/providers/Microsoft.PowerApps/apps/","type":"Microsoft.PowerApps/apps","tags":{"primaryDeviceWidth":"1366","primaryDeviceHeight":"768","sienaVersion":"20210517T173718Z-3.21051.17.0","deviceCapabilities":"","supportsPortrait":"false","supportsLandscape":"true","primaryFormFactor":"Tablet","publisherVersion":"3.21051.17","minimumRequiredApiVersion":"2.2.0","hasComponent":"false","hasUnlockedComponent":"false","isUnifiedRootApp":"false"},"properties":{"appVersion":"2021-05-17T17:37:18Z","lifeCycleId":"Published","createdByClientVersion":{"major":3,"minor":21051,"build":17,"revision":0,"majorRevision":0,"minorRevision":0},"minClientVersion":{"major":3,"minor":21051,"build":17,"revision":0,"majorRevision":0,"minorRevision":0},"backgroundColor":"rgba(0, 176, 240, 1)","backgroundImageUri":"/17597191745697591112/Nd82b39aa-b912-4b66-b0a7-f829eeb86221-logoSmallFile","displayName":"TeamBuilder","description":"","commitMessage":"","appUris":{"documentUri":{"value":"/17597191745697591112/N61a278ca-ec77-4090-bf2f-994ad365a1f5-document.msapp"},"imageUris":[]},"createdTime":"0001-01-01T00:00:00Z","lastModifiedTime":"0001-01-01T00:00:00Z","sharedGroupsCount":0,"sharedUsersCount":0,"icons":{"smallIconUri":"/17597191745697591112/N3e56336b-930e-42fb-930a-ae8db2d03549-small.png","mediumIconUri":"/17597191745697591112/N5de62581-3a70-4f2a-9be9-ee1aec4cbd12-medium.png","largeIconUri":"/17597191745697591112/N8ebf6ef9-b85f-4121-9161-af809163b9f6-large.png","wideIconUri":"/17597191745697591112/Ncc1b6d49-4c48-4a20-83d8-882f724def4a-wide.png"},"connectionReferences":{"f6a62a56-67fa-489d-8192-80c7f512618c":{"id":"c10be326-8ff6-4f5d-ae84-00c10d13697b","displayName":"Microsoft Teams","iconUri":"https://connectoricons-prod.azureedge.net/releases/v1.0.1468/1.0.1468.2418/teams/icon.png","dataSources":["MicrosoftTeams"],"dependencies":[],"dependents":[],"parameterHints":{},"isOnPremiseConnection":false,"bypassConsent":false,"dataSets":{},"apiTier":"Standard","isCustomApiConnection":false,"actions":["PostMessageToChannelV3","GetAllTeams","GetChannelsForGroup"]},"dc33e2d4-0dcf-43d2-8f5a-6f111239f807":{"id":"d23b6bb6-9542-4008-bc6c-000c20e900a7","displayName":"Usuarios de Office 365","iconUri":"https://connectoricons-prod.azureedge.net/releases/v1.0.1460/1.0.1460.2389/office365users/icon.png","dataSources":["UsuariosdeOffice365"],"dependencies":[],"dependents":[],"parameterHints":{},"isOnPremiseConnection":false,"bypassConsent":false,"dataSets":{},"apiTier":"Standard","isCustomApiConnection":false,"actions":["MyProfile"]},"f48cab55-1a1a-4bd8-a35f-70a5f41fd21a":{"id":"a4fb0f61-886a-4d10-9d6d-feb3e87477fa","displayName":"SharePoint","iconUri":"https://connectoricons-prod.azureedge.net/releases/v1.0.1465/1.0.1465.2409/sharepointonline/icon.png","dataSources":["UserList","Questions"],"dependencies":[],"dependents":[],"parameterHints":{},"isOnPremiseConnection":false,"bypassConsent":false,"dataSets":{"https://cesurformacion0.sharepoint.com/sites/MorningCoffee":{"dataSources":{"UserList":{"tableName":"230f17e0-7c94-4dd3-89c9-591aef644152"},"Questions":{"tableName":"085b8a5d-3383-46f6-bf66-bad3266b8426"}}}},"apiTier":"Standard","isCustomApiConnection":false},"15307af5-b6d0-441b-a5d7-d3218d0a88b1":{"id":"2164f6f1-9d32-452a-b7da-05621c0ccfe3","displayName":"Office 365 Outlook","iconUri":"https://connectoricons-prod.azureedge.net/releases/v1.0.1466/1.0.1466.2411/office365/icon.png","dataSources":["Office365Outlook"],"dependencies":[],"dependents":[],"parameterHints":{},"isOnPremiseConnection":false,"bypassConsent":false,"dataSets":{},"apiTier":"Standard","isCustomApiConnection":false,"actions":["SendEmailV2"]}},"databaseReferences":{},"almMode":"Environment","performanceOptimizationEnabled":true,"canConsumeAppPass":true,"executionRestrictions":{"isTeamsOnly":false,"dataLossPreventionEvaluationResult":{"status":"Compliant","lastEvaluationDate":"2021-04-30T16:07:13.8254708Z","violationDetails":[]}}},"isAppComponentLibrary":false,"appType":"ClassicCanvasApp","appComponents":[]}}