{"schemaVersion":"1.0","appDefinitionTemplate":{"id":"/providers/Microsoft.PowerApps/apps/","type":"Microsoft.PowerApps/apps","tags":{"primaryDeviceWidth":"1366","primaryDeviceHeight":"768","sienaVersion":"20210430T160702Z-3.21042.21.0","deviceCapabilities":"","supportsPortrait":"false","supportsLandscape":"true","primaryFormFactor":"Tablet","publisherVersion":"3.21042.21","minimumRequiredApiVersion":"2.2.0","hasComponent":"false","hasUnlockedComponent":"false","isUnifiedRootApp":"false"},"properties":{"appVersion":"2021-04-30T16:07:02Z","lifeCycleId":"Published","createdByClientVersion":{"major":3,"minor":21042,"build":21,"revision":0,"majorRevision":0,"minorRevision":0},"minClientVersion":{"major":3,"minor":21042,"build":21,"revision":0,"majorRevision":0,"minorRevision":0},"backgroundColor":"rgba(0, 176, 240, 1)","backgroundImageUri":"/17597191745697591112/N3b9e38b9-d607-482c-a5e8-13628571a825-logoSmallFile","displayName":"TeamBuilder","description":"","commitMessage":"","appUris":{"documentUri":{"value":"/17597191745697591112/N2fc9f3bc-0088-4dc8-86fd-c985ec45f48e-document.msapp"},"imageUris":[]},"createdTime":"0001-01-01T00:00:00Z","lastModifiedTime":"0001-01-01T00:00:00Z","sharedGroupsCount":0,"sharedUsersCount":0,"icons":{"smallIconUri":"/17597191745697591112/N5a654e97-e027-47c9-b2ec-47dcfbf8e571-small.png","mediumIconUri":"/17597191745697591112/N810c2fc8-298d-4f58-bc07-e1c98b12b223-medium.png","largeIconUri":"/17597191745697591112/N72ff3911-fe0a-4c3d-9662-437f20040139-large.png","wideIconUri":"/17597191745697591112/N6cb56bea-4bc6-471d-b577-214b11783d29-wide.png"},"connectionReferences":{"f6a62a56-67fa-489d-8192-80c7f512618c":{"id":"c10be326-8ff6-4f5d-ae84-00c10d13697b","displayName":"Microsoft Teams","iconUri":"https://connectoricons-prod.azureedge.net/releases/v1.0.1459/1.0.1459.2387/teams/icon.png","dataSources":["MicrosoftTeams"],"dependencies":[],"dependents":[],"parameterHints":{},"isOnPremiseConnection":false,"dataSets":{},"apiTier":"Standard","isCustomApiConnection":false,"actions":["GetAllTeams","GetChannelsForGroup","GetMessagesFromChannel","PostMessageToChannel"]},"dc33e2d4-0dcf-43d2-8f5a-6f111239f807":{"id":"d23b6bb6-9542-4008-bc6c-000c20e900a7","displayName":"Usuarios de Office 365","iconUri":"https://connectoricons-prod.azureedge.net/releases/v1.0.1460/1.0.1460.2389/office365users/icon.png","dataSources":["UsuariosdeOffice365"],"dependencies":[],"dependents":[],"parameterHints":{},"isOnPremiseConnection":false,"dataSets":{},"apiTier":"Standard","isCustomApiConnection":false},"f71d3f8e-e7e9-4495-8221-98d6d8ee69a3":{"id":"7e19cff3-ef3d-420d-a7ed-d399f1c0cc7b","displayName":"Administración de Power Automate","iconUri":"https://connectoricons-prod.azureedge.net/releases/v1.0.1465/1.0.1465.2409/flowmanagement/icon.png","dataSources":["AdministracióndePowerAutomate"],"dependencies":[],"dependents":[],"parameterHints":{},"isOnPremiseConnection":false,"dataSets":{},"apiTier":"Standard","isCustomApiConnection":false,"authenticationType":"firstParty"}},"databaseReferences":{},"almMode":"Environment","performanceOptimizationEnabled":true,"canConsumeAppPass":true,"executionRestrictions":{"isTeamsOnly":false,"dataLossPreventionEvaluationResult":{"status":"Compliant","lastEvaluationDate":"2021-04-30T16:07:13.8254708Z","violationDetails":[]}}},"isAppComponentLibrary":false,"appType":"ClassicCanvasApp","appComponents":[]}}